link,cluster
https://www.ncbi.nlm.nih.gov/pmc/articles/PMC4136787/,3
https://www.ncbi.nlm.nih.gov/pmc/articles/PMC3630201/,2
https://www.ncbi.nlm.nih.gov/pmc/articles/PMC11988870/,3
https://www.ncbi.nlm.nih.gov/pmc/articles/PMC7998608/,1
https://www.ncbi.nlm.nih.gov/pmc/articles/PMC5587110/,3
https://www.ncbi.nlm.nih.gov/pmc/articles/PMC8396460/,3
https://www.ncbi.nlm.nih.gov/pmc/articles/PMC5666799/,2
https://www.ncbi.nlm.nih.gov/pmc/articles/PMC5460236/,3
https://www.ncbi.nlm.nih.gov/pmc/articles/PMC6222041/,2
https://www.ncbi.nlm.nih.gov/pmc/articles/PMC6813909/,2
https://www.ncbi.nlm.nih.gov/pmc/articles/PMC4095884/,1
https://www.ncbi.nlm.nih.gov/pmc/articles/PMC3040128/,4
https://www.ncbi.nlm.nih.gov/pmc/articles/PMC3177255/,4
https://www.ncbi.nlm.nih.gov/pmc/articles/PMC11500582/,4
https://www.ncbi.nlm.nih.gov/pmc/articles/PMC5387210/,4
https://www.ncbi.nlm.nih.gov/pmc/articles/PMC4642138/,4
https://www.ncbi.nlm.nih.gov/pmc/articles/PMC2915878/,1
https://www.ncbi.nlm.nih.gov/pmc/articles/PMC3901686/,3
https://www.ncbi.nlm.nih.gov/pmc/articles/PMC6387434/,3
https://www.ncbi.nlm.nih.gov/pmc/articles/PMC6371294/,3
https://www.ncbi.nlm.nih.gov/pmc/articles/PMC7072278/,3
https://www.ncbi.nlm.nih.gov/pmc/articles/PMC8441986/,3
https://www.ncbi.nlm.nih.gov/pmc/articles/PMC9400218/,0
https://www.ncbi.nlm.nih.gov/pmc/articles/PMC9267413/,3
https://www.ncbi.nlm.nih.gov/pmc/articles/PMC9576569/,3
https://www.ncbi.nlm.nih.gov/pmc/articles/PMC10789781/,3
https://www.ncbi.nlm.nih.gov/pmc/articles/PMC10772081/,1
https://www.ncbi.nlm.nih.gov/pmc/articles/PMC11166946/,3
https://www.ncbi.nlm.nih.gov/pmc/articles/PMC11166944/,3
https://www.ncbi.nlm.nih.gov/pmc/articles/PMC11166968/,3
https://www.ncbi.nlm.nih.gov/pmc/articles/PMC7000411/,3
https://www.ncbi.nlm.nih.gov/pmc/articles/PMC7787258/,3
https://www.ncbi.nlm.nih.gov/pmc/articles/PMC8716943/,4
https://www.ncbi.nlm.nih.gov/pmc/articles/PMC4826010/,4
https://www.ncbi.nlm.nih.gov/pmc/articles/PMC7010715/,4
https://www.ncbi.nlm.nih.gov/pmc/articles/PMC7503278/,4
https://www.ncbi.nlm.nih.gov/pmc/articles/PMC8364238/,4
https://www.ncbi.nlm.nih.gov/pmc/articles/PMC11579474/,2
https://www.ncbi.nlm.nih.gov/pmc/articles/PMC2998437/,1
https://www.ncbi.nlm.nih.gov/pmc/articles/PMC3005423/,1
https://www.ncbi.nlm.nih.gov/pmc/articles/PMC3190158/,1
https://www.ncbi.nlm.nih.gov/pmc/articles/PMC3289768/,1
https://www.ncbi.nlm.nih.gov/pmc/articles/PMC3508904/,1
https://www.ncbi.nlm.nih.gov/pmc/articles/PMC3430326/,1
https://www.ncbi.nlm.nih.gov/pmc/articles/PMC3593973/,1
https://www.ncbi.nlm.nih.gov/pmc/articles/PMC11127935/,4
https://www.ncbi.nlm.nih.gov/pmc/articles/PMC11930778/,4
https://www.ncbi.nlm.nih.gov/pmc/articles/PMC8816950/,4
https://www.ncbi.nlm.nih.gov/pmc/articles/PMC3774184/,2
https://www.ncbi.nlm.nih.gov/pmc/articles/PMC4118556/,2
https://www.ncbi.nlm.nih.gov/pmc/articles/PMC4653813/,2
https://www.ncbi.nlm.nih.gov/pmc/articles/PMC6915713/,3
https://www.ncbi.nlm.nih.gov/pmc/articles/PMC6124165/,2
https://www.ncbi.nlm.nih.gov/pmc/articles/PMC8509868/,2
https://www.ncbi.nlm.nih.gov/pmc/articles/PMC11063234/,3
https://www.ncbi.nlm.nih.gov/pmc/articles/PMC5672023/,3
https://www.ncbi.nlm.nih.gov/pmc/articles/PMC5899691/,1
https://www.ncbi.nlm.nih.gov/pmc/articles/PMC6204554/,1
https://www.ncbi.nlm.nih.gov/pmc/articles/PMC4064004/,1
https://www.ncbi.nlm.nih.gov/pmc/articles/PMC3818365/,4
https://www.ncbi.nlm.nih.gov/pmc/articles/PMC3981873/,4
https://www.ncbi.nlm.nih.gov/pmc/articles/PMC4378170/,4
https://www.ncbi.nlm.nih.gov/pmc/articles/PMC4618186/,4
https://www.ncbi.nlm.nih.gov/pmc/articles/PMC4453782/,4
https://www.ncbi.nlm.nih.gov/pmc/articles/PMC4902601/,4
https://www.ncbi.nlm.nih.gov/pmc/articles/PMC4776492/,4
https://www.ncbi.nlm.nih.gov/pmc/articles/PMC5415411/,4
https://www.ncbi.nlm.nih.gov/pmc/articles/PMC6289879/,4
https://www.ncbi.nlm.nih.gov/pmc/articles/PMC7987364/,4
https://www.ncbi.nlm.nih.gov/pmc/articles/PMC8099722/,3
https://www.ncbi.nlm.nih.gov/pmc/articles/PMC4033213/,1
https://www.ncbi.nlm.nih.gov/pmc/articles/PMC6081456/,3
https://www.ncbi.nlm.nih.gov/pmc/articles/PMC5955502/,3
https://www.ncbi.nlm.nih.gov/pmc/articles/PMC10285634/,2
https://www.ncbi.nlm.nih.gov/pmc/articles/PMC11271499/,1
https://www.ncbi.nlm.nih.gov/pmc/articles/PMC6062551/,3
https://www.ncbi.nlm.nih.gov/pmc/articles/PMC9832585/,3
https://www.ncbi.nlm.nih.gov/pmc/articles/PMC7829349/,0
https://www.ncbi.nlm.nih.gov/pmc/articles/PMC3570223/,2
https://www.ncbi.nlm.nih.gov/pmc/articles/PMC3457586/,1
https://www.ncbi.nlm.nih.gov/pmc/articles/PMC3558598/,1
https://www.ncbi.nlm.nih.gov/pmc/articles/PMC11046949/,1
https://www.ncbi.nlm.nih.gov/pmc/articles/PMC3890248/,2
https://www.ncbi.nlm.nih.gov/pmc/articles/PMC3868799/,2
https://www.ncbi.nlm.nih.gov/pmc/articles/PMC4960141/,2
https://www.ncbi.nlm.nih.gov/pmc/articles/PMC5736159/,3
https://www.ncbi.nlm.nih.gov/pmc/articles/PMC5761896/,1
https://www.ncbi.nlm.nih.gov/pmc/articles/PMC5826609/,3
https://www.ncbi.nlm.nih.gov/pmc/articles/PMC6366624/,1
https://www.ncbi.nlm.nih.gov/pmc/articles/PMC11929063/,1
https://www.ncbi.nlm.nih.gov/pmc/articles/PMC10996920/,1
https://www.ncbi.nlm.nih.gov/pmc/articles/PMC7954810/,3
https://www.ncbi.nlm.nih.gov/pmc/articles/PMC4228280/,3
https://www.ncbi.nlm.nih.gov/pmc/articles/PMC3639165/,3
https://www.ncbi.nlm.nih.gov/pmc/articles/PMC8044432/,3
https://www.ncbi.nlm.nih.gov/pmc/articles/PMC7778922/,3
https://www.ncbi.nlm.nih.gov/pmc/articles/PMC7870178/,3
https://www.ncbi.nlm.nih.gov/pmc/articles/PMC7733874/,3
https://www.ncbi.nlm.nih.gov/pmc/articles/PMC7828077/,3
https://www.ncbi.nlm.nih.gov/pmc/articles/PMC11166911/,3
https://www.ncbi.nlm.nih.gov/pmc/articles/PMC11094041/,3
https://www.ncbi.nlm.nih.gov/pmc/articles/PMC11053165/,3
https://www.ncbi.nlm.nih.gov/pmc/articles/PMC11403809/,3
https://www.ncbi.nlm.nih.gov/pmc/articles/PMC8513672/,1
https://www.ncbi.nlm.nih.gov/pmc/articles/PMC11126634/,0
https://www.ncbi.nlm.nih.gov/pmc/articles/PMC11386075/,0
https://www.ncbi.nlm.nih.gov/pmc/articles/PMC3502426/,2
https://www.ncbi.nlm.nih.gov/pmc/articles/PMC3856860/,2
https://www.ncbi.nlm.nih.gov/pmc/articles/PMC3615599/,1
https://www.ncbi.nlm.nih.gov/pmc/articles/PMC4050424/,3
https://www.ncbi.nlm.nih.gov/pmc/articles/PMC3659353/,3
https://www.ncbi.nlm.nih.gov/pmc/articles/PMC4169763/,2
https://www.ncbi.nlm.nih.gov/pmc/articles/PMC4398884/,2
https://www.ncbi.nlm.nih.gov/pmc/articles/PMC4379453/,2
https://www.ncbi.nlm.nih.gov/pmc/articles/PMC4385880/,3
https://www.ncbi.nlm.nih.gov/pmc/articles/PMC4964660/,3
https://www.ncbi.nlm.nih.gov/pmc/articles/PMC5866446/,1
https://www.ncbi.nlm.nih.gov/pmc/articles/PMC6165321/,3
https://www.ncbi.nlm.nih.gov/pmc/articles/PMC7339929/,1
https://www.ncbi.nlm.nih.gov/pmc/articles/PMC8220224/,3
https://www.ncbi.nlm.nih.gov/pmc/articles/PMC2910419/,1
https://www.ncbi.nlm.nih.gov/pmc/articles/PMC3166430/,1
https://www.ncbi.nlm.nih.gov/pmc/articles/PMC6615562/,2
https://www.ncbi.nlm.nih.gov/pmc/articles/PMC7324008/,3
https://www.ncbi.nlm.nih.gov/pmc/articles/PMC8412175/,3
https://www.ncbi.nlm.nih.gov/pmc/articles/PMC9699585/,3
https://www.ncbi.nlm.nih.gov/pmc/articles/PMC9953055/,3
https://www.ncbi.nlm.nih.gov/pmc/articles/PMC10528075/,3
https://www.ncbi.nlm.nih.gov/pmc/articles/PMC10813126/,3
https://www.ncbi.nlm.nih.gov/pmc/articles/PMC10390562/,3
https://www.ncbi.nlm.nih.gov/pmc/articles/PMC4290804/,4
https://www.ncbi.nlm.nih.gov/pmc/articles/PMC5515520/,4
https://www.ncbi.nlm.nih.gov/pmc/articles/PMC5286820/,4
https://www.ncbi.nlm.nih.gov/pmc/articles/PMC5470433/,4
https://www.ncbi.nlm.nih.gov/pmc/articles/PMC5491145/,3
https://www.ncbi.nlm.nih.gov/pmc/articles/PMC5996828/,4
https://www.ncbi.nlm.nih.gov/pmc/articles/PMC6201722/,4
https://www.ncbi.nlm.nih.gov/pmc/articles/PMC6240453/,4
https://www.ncbi.nlm.nih.gov/pmc/articles/PMC6447593/,3
https://www.ncbi.nlm.nih.gov/pmc/articles/PMC7264257/,0
https://www.ncbi.nlm.nih.gov/pmc/articles/PMC7064724/,4
https://www.ncbi.nlm.nih.gov/pmc/articles/PMC6379395/,3
https://www.ncbi.nlm.nih.gov/pmc/articles/PMC4187166/,3
https://www.ncbi.nlm.nih.gov/pmc/articles/PMC5219934/,1
https://www.ncbi.nlm.nih.gov/pmc/articles/PMC6386654/,1
https://www.ncbi.nlm.nih.gov/pmc/articles/PMC7940393/,1
https://www.ncbi.nlm.nih.gov/pmc/articles/PMC9023564/,1
https://www.ncbi.nlm.nih.gov/pmc/articles/PMC9389742/,3
https://www.ncbi.nlm.nih.gov/pmc/articles/PMC2824534/,1
https://www.ncbi.nlm.nih.gov/pmc/articles/PMC2991213/,2
https://www.ncbi.nlm.nih.gov/pmc/articles/PMC11362537/,3
https://www.ncbi.nlm.nih.gov/pmc/articles/PMC9111996/,1
https://www.ncbi.nlm.nih.gov/pmc/articles/PMC10308117/,0
https://www.ncbi.nlm.nih.gov/pmc/articles/PMC10233975/,0
https://www.ncbi.nlm.nih.gov/pmc/articles/PMC10848226/,0
https://www.ncbi.nlm.nih.gov/pmc/articles/PMC3329368/,4
https://www.ncbi.nlm.nih.gov/pmc/articles/PMC12008199/,4
https://www.ncbi.nlm.nih.gov/pmc/articles/PMC4035928/,4
https://www.ncbi.nlm.nih.gov/pmc/articles/PMC5181587/,1
https://www.ncbi.nlm.nih.gov/pmc/articles/PMC4936552/,4
https://www.ncbi.nlm.nih.gov/pmc/articles/PMC7610290/,4
https://www.ncbi.nlm.nih.gov/pmc/articles/PMC5614317/,4
https://www.ncbi.nlm.nih.gov/pmc/articles/PMC5677518/,4
https://www.ncbi.nlm.nih.gov/pmc/articles/PMC11850895/,4
https://www.ncbi.nlm.nih.gov/pmc/articles/PMC7076552/,3
https://www.ncbi.nlm.nih.gov/pmc/articles/PMC7414185/,4
https://www.ncbi.nlm.nih.gov/pmc/articles/PMC8133610/,4
https://www.ncbi.nlm.nih.gov/pmc/articles/PMC8113475/,3
https://www.ncbi.nlm.nih.gov/pmc/articles/PMC9706465/,4
https://www.ncbi.nlm.nih.gov/pmc/articles/PMC10027818/,3
https://www.ncbi.nlm.nih.gov/pmc/articles/PMC3337602/,2
https://www.ncbi.nlm.nih.gov/pmc/articles/PMC4490751/,2
https://www.ncbi.nlm.nih.gov/pmc/articles/PMC5132293/,1
https://www.ncbi.nlm.nih.gov/pmc/articles/PMC11747068/,1
https://www.ncbi.nlm.nih.gov/pmc/articles/PMC5666834/,3
https://www.ncbi.nlm.nih.gov/pmc/articles/PMC6753329/,3
https://www.ncbi.nlm.nih.gov/pmc/articles/PMC7012842/,3
https://www.ncbi.nlm.nih.gov/pmc/articles/PMC4405755/,1
https://www.ncbi.nlm.nih.gov/pmc/articles/PMC8260663/,3
https://www.ncbi.nlm.nih.gov/pmc/articles/PMC4647464/,1
https://www.ncbi.nlm.nih.gov/pmc/articles/PMC5659752/,1
https://www.ncbi.nlm.nih.gov/pmc/articles/PMC6372189/,1
https://www.ncbi.nlm.nih.gov/pmc/articles/PMC6945029/,1
https://www.ncbi.nlm.nih.gov/pmc/articles/PMC8191917/,1
https://www.ncbi.nlm.nih.gov/pmc/articles/PMC9865768/,1
https://www.ncbi.nlm.nih.gov/pmc/articles/PMC10797188/,3
https://www.ncbi.nlm.nih.gov/pmc/articles/PMC7555395/,3
https://www.ncbi.nlm.nih.gov/pmc/articles/PMC4309212/,3
https://www.ncbi.nlm.nih.gov/pmc/articles/PMC6560652/,1
https://www.ncbi.nlm.nih.gov/pmc/articles/PMC6321533/,3
https://www.ncbi.nlm.nih.gov/pmc/articles/PMC12040010/,1
https://www.ncbi.nlm.nih.gov/pmc/articles/PMC11833055/,3
https://www.ncbi.nlm.nih.gov/pmc/articles/PMC9146534/,1
https://www.ncbi.nlm.nih.gov/pmc/articles/PMC11492218/,1
https://www.ncbi.nlm.nih.gov/pmc/articles/PMC6339989/,1
https://www.ncbi.nlm.nih.gov/pmc/articles/PMC4110898/,2
https://www.ncbi.nlm.nih.gov/pmc/articles/PMC3947616/,1
https://www.ncbi.nlm.nih.gov/pmc/articles/PMC5477841/,2
https://www.ncbi.nlm.nih.gov/pmc/articles/PMC9139491/,2
https://www.ncbi.nlm.nih.gov/pmc/articles/PMC5515531/,1
https://www.ncbi.nlm.nih.gov/pmc/articles/PMC3258067/,4
https://www.ncbi.nlm.nih.gov/pmc/articles/PMC10025027/,1
https://www.ncbi.nlm.nih.gov/pmc/articles/PMC7733933/,1
https://www.ncbi.nlm.nih.gov/pmc/articles/PMC9105288/,4
https://www.ncbi.nlm.nih.gov/pmc/articles/PMC9617909/,4
https://www.ncbi.nlm.nih.gov/pmc/articles/PMC9695138/,4
https://www.ncbi.nlm.nih.gov/pmc/articles/PMC3503204/,4
https://www.ncbi.nlm.nih.gov/pmc/articles/PMC5896955/,1
https://www.ncbi.nlm.nih.gov/pmc/articles/PMC4469364/,1
https://www.ncbi.nlm.nih.gov/pmc/articles/PMC5047659/,4
https://www.ncbi.nlm.nih.gov/pmc/articles/PMC5454470/,3
https://www.ncbi.nlm.nih.gov/pmc/articles/PMC5515506/,1
https://www.ncbi.nlm.nih.gov/pmc/articles/PMC3044105/,2
https://www.ncbi.nlm.nih.gov/pmc/articles/PMC3002170/,1
https://www.ncbi.nlm.nih.gov/pmc/articles/PMC11470607/,1
https://www.ncbi.nlm.nih.gov/pmc/articles/PMC3603133/,1
https://www.ncbi.nlm.nih.gov/pmc/articles/PMC6462350/,1
https://www.ncbi.nlm.nih.gov/pmc/articles/PMC4012541/,1
https://www.ncbi.nlm.nih.gov/pmc/articles/PMC4653058/,3
https://www.ncbi.nlm.nih.gov/pmc/articles/PMC6137544/,3
https://www.ncbi.nlm.nih.gov/pmc/articles/PMC2913424/,1
https://www.ncbi.nlm.nih.gov/pmc/articles/PMC7190111/,0
https://www.ncbi.nlm.nih.gov/pmc/articles/PMC7382458/,0
https://www.ncbi.nlm.nih.gov/pmc/articles/PMC8444978/,0
https://www.ncbi.nlm.nih.gov/pmc/articles/PMC9241228/,0
https://www.ncbi.nlm.nih.gov/pmc/articles/PMC8953707/,1
https://www.ncbi.nlm.nih.gov/pmc/articles/PMC11166646/,3
https://www.ncbi.nlm.nih.gov/pmc/articles/PMC3747666/,2
https://www.ncbi.nlm.nih.gov/pmc/articles/PMC4337661/,2
https://www.ncbi.nlm.nih.gov/pmc/articles/PMC4631774/,2
https://www.ncbi.nlm.nih.gov/pmc/articles/PMC5052530/,1
https://www.ncbi.nlm.nih.gov/pmc/articles/PMC5114340/,2
https://www.ncbi.nlm.nih.gov/pmc/articles/PMC5488280/,2
https://www.ncbi.nlm.nih.gov/pmc/articles/PMC9293686/,1
https://www.ncbi.nlm.nih.gov/pmc/articles/PMC6091969/,1
https://www.ncbi.nlm.nih.gov/pmc/articles/PMC7029147/,0
https://www.ncbi.nlm.nih.gov/pmc/articles/PMC3092937/,1
https://www.ncbi.nlm.nih.gov/pmc/articles/PMC5748516/,4
https://www.ncbi.nlm.nih.gov/pmc/articles/PMC9287483/,3
https://www.ncbi.nlm.nih.gov/pmc/articles/PMC4211383/,4
https://www.ncbi.nlm.nih.gov/pmc/articles/PMC5821596/,3
https://www.ncbi.nlm.nih.gov/pmc/articles/PMC6889863/,4
https://www.ncbi.nlm.nih.gov/pmc/articles/PMC6908503/,3
https://www.ncbi.nlm.nih.gov/pmc/articles/PMC7607443/,4
https://www.ncbi.nlm.nih.gov/pmc/articles/PMC10764921/,4
https://www.ncbi.nlm.nih.gov/pmc/articles/PMC9605285/,4
https://www.ncbi.nlm.nih.gov/pmc/articles/PMC3962621/,1
https://www.ncbi.nlm.nih.gov/pmc/articles/PMC4462657/,1
https://www.ncbi.nlm.nih.gov/pmc/articles/PMC5026643/,1
https://www.ncbi.nlm.nih.gov/pmc/articles/PMC5026642/,1
https://www.ncbi.nlm.nih.gov/pmc/articles/PMC10342025/,1
https://www.ncbi.nlm.nih.gov/pmc/articles/PMC11167039/,1
https://www.ncbi.nlm.nih.gov/pmc/articles/PMC10020673/,0
https://www.ncbi.nlm.nih.gov/pmc/articles/PMC9144607/,1
https://www.ncbi.nlm.nih.gov/pmc/articles/PMC7314936/,4
https://www.ncbi.nlm.nih.gov/pmc/articles/PMC4340379/,1
https://www.ncbi.nlm.nih.gov/pmc/articles/PMC5933128/,1
https://www.ncbi.nlm.nih.gov/pmc/articles/PMC8185232/,4
https://www.ncbi.nlm.nih.gov/pmc/articles/PMC3936501/,1
https://www.ncbi.nlm.nih.gov/pmc/articles/PMC11998595/,1
https://www.ncbi.nlm.nih.gov/pmc/articles/PMC7996555/,4
https://www.ncbi.nlm.nih.gov/pmc/articles/PMC8234954/,4
https://www.ncbi.nlm.nih.gov/pmc/articles/PMC4152162/,3
https://www.ncbi.nlm.nih.gov/pmc/articles/PMC5498037/,3
https://www.ncbi.nlm.nih.gov/pmc/articles/PMC6547757/,3
https://www.ncbi.nlm.nih.gov/pmc/articles/PMC6747492/,3
https://www.ncbi.nlm.nih.gov/pmc/articles/PMC6746706/,3
https://www.ncbi.nlm.nih.gov/pmc/articles/PMC8400407/,3
https://www.ncbi.nlm.nih.gov/pmc/articles/PMC9365836/,3
https://www.ncbi.nlm.nih.gov/pmc/articles/PMC9547011/,3
https://www.ncbi.nlm.nih.gov/pmc/articles/PMC10138634/,3
https://www.ncbi.nlm.nih.gov/pmc/articles/PMC12031868/,3
https://www.ncbi.nlm.nih.gov/pmc/articles/PMC9583032/,3
https://www.ncbi.nlm.nih.gov/pmc/articles/PMC9746133/,1
https://www.ncbi.nlm.nih.gov/pmc/articles/PMC10422843/,0
https://www.ncbi.nlm.nih.gov/pmc/articles/PMC11022651/,3
https://www.ncbi.nlm.nih.gov/pmc/articles/PMC11357997/,3
https://www.ncbi.nlm.nih.gov/pmc/articles/PMC11167063/,1
https://www.ncbi.nlm.nih.gov/pmc/articles/PMC11166909/,3
https://www.ncbi.nlm.nih.gov/pmc/articles/PMC11222149/,3
https://www.ncbi.nlm.nih.gov/pmc/articles/PMC11166948/,3
https://www.ncbi.nlm.nih.gov/pmc/articles/PMC11166952/,3
https://www.ncbi.nlm.nih.gov/pmc/articles/PMC11166937/,3
https://www.ncbi.nlm.nih.gov/pmc/articles/PMC11357981/,3
https://www.ncbi.nlm.nih.gov/pmc/articles/PMC11166969/,3
https://www.ncbi.nlm.nih.gov/pmc/articles/PMC11166943/,3
https://www.ncbi.nlm.nih.gov/pmc/articles/PMC11166967/,3
https://www.ncbi.nlm.nih.gov/pmc/articles/PMC11167060/,3
https://www.ncbi.nlm.nih.gov/pmc/articles/PMC11166981/,3
https://www.ncbi.nlm.nih.gov/pmc/articles/PMC11263583/,1
https://www.ncbi.nlm.nih.gov/pmc/articles/PMC10780891/,0
https://www.ncbi.nlm.nih.gov/pmc/articles/PMC7067979/,0
https://www.ncbi.nlm.nih.gov/pmc/articles/PMC4321547/,4
https://www.ncbi.nlm.nih.gov/pmc/articles/PMC6710492/,1
https://www.ncbi.nlm.nih.gov/pmc/articles/PMC8518694/,4
https://www.ncbi.nlm.nih.gov/pmc/articles/PMC9861679/,4
https://www.ncbi.nlm.nih.gov/pmc/articles/PMC2897429/,1
https://www.ncbi.nlm.nih.gov/pmc/articles/PMC4187989/,4
https://www.ncbi.nlm.nih.gov/pmc/articles/PMC8217198/,1
https://www.ncbi.nlm.nih.gov/pmc/articles/PMC6981245/,3
https://www.ncbi.nlm.nih.gov/pmc/articles/PMC6131065/,3
https://www.ncbi.nlm.nih.gov/pmc/articles/PMC11233762/,3
https://www.ncbi.nlm.nih.gov/pmc/articles/PMC6213004/,1
https://www.ncbi.nlm.nih.gov/pmc/articles/PMC7171750/,3
https://www.ncbi.nlm.nih.gov/pmc/articles/PMC10414970/,4
https://www.ncbi.nlm.nih.gov/pmc/articles/PMC8450295/,1
https://www.ncbi.nlm.nih.gov/pmc/articles/PMC8183356/,1
https://www.ncbi.nlm.nih.gov/pmc/articles/PMC8932657/,1
https://www.ncbi.nlm.nih.gov/pmc/articles/PMC10504369/,1
https://www.ncbi.nlm.nih.gov/pmc/articles/PMC3982735/,4
https://www.ncbi.nlm.nih.gov/pmc/articles/PMC4682325/,4
https://www.ncbi.nlm.nih.gov/pmc/articles/PMC10264680/,4
https://www.ncbi.nlm.nih.gov/pmc/articles/PMC7358545/,4
https://www.ncbi.nlm.nih.gov/pmc/articles/PMC9108708/,1
https://www.ncbi.nlm.nih.gov/pmc/articles/PMC7555797/,3
https://www.ncbi.nlm.nih.gov/pmc/articles/PMC3545801/,0
https://www.ncbi.nlm.nih.gov/pmc/articles/PMC3869332/,0
https://www.ncbi.nlm.nih.gov/pmc/articles/PMC4135744/,1
https://www.ncbi.nlm.nih.gov/pmc/articles/PMC3911009/,1
https://www.ncbi.nlm.nih.gov/pmc/articles/PMC4923109/,0
https://www.ncbi.nlm.nih.gov/pmc/articles/PMC11673879/,1
https://www.ncbi.nlm.nih.gov/pmc/articles/PMC5648920/,0
https://www.ncbi.nlm.nih.gov/pmc/articles/PMC5817088/,0
https://www.ncbi.nlm.nih.gov/pmc/articles/PMC7825584/,1
https://www.ncbi.nlm.nih.gov/pmc/articles/PMC8904044/,1
https://www.ncbi.nlm.nih.gov/pmc/articles/PMC3012082/,1
https://www.ncbi.nlm.nih.gov/pmc/articles/PMC11088941/,1
https://www.ncbi.nlm.nih.gov/pmc/articles/PMC3187170/,1
https://www.ncbi.nlm.nih.gov/pmc/articles/PMC3133089/,1
https://www.ncbi.nlm.nih.gov/pmc/articles/PMC3242767/,1
https://www.ncbi.nlm.nih.gov/pmc/articles/PMC3067220/,3
https://www.ncbi.nlm.nih.gov/pmc/articles/PMC3251573/,1
https://www.ncbi.nlm.nih.gov/pmc/articles/PMC3647661/,1
https://www.ncbi.nlm.nih.gov/pmc/articles/PMC4085587/,1
https://www.ncbi.nlm.nih.gov/pmc/articles/PMC4096993/,1
https://www.ncbi.nlm.nih.gov/pmc/articles/PMC7467030/,1
https://www.ncbi.nlm.nih.gov/pmc/articles/PMC4427280/,1
https://www.ncbi.nlm.nih.gov/pmc/articles/PMC5460263/,1
https://www.ncbi.nlm.nih.gov/pmc/articles/PMC6204695/,1
https://www.ncbi.nlm.nih.gov/pmc/articles/PMC7943786/,1
https://www.ncbi.nlm.nih.gov/pmc/articles/PMC11888247/,1
https://www.ncbi.nlm.nih.gov/pmc/articles/PMC3851762/,3
https://www.ncbi.nlm.nih.gov/pmc/articles/PMC8067245/,3
https://www.ncbi.nlm.nih.gov/pmc/articles/PMC9701605/,3
https://www.ncbi.nlm.nih.gov/pmc/articles/PMC11166648/,3
https://www.ncbi.nlm.nih.gov/pmc/articles/PMC11166662/,3
https://www.ncbi.nlm.nih.gov/pmc/articles/PMC3838407/,1
https://www.ncbi.nlm.nih.gov/pmc/articles/PMC3748764/,1
https://www.ncbi.nlm.nih.gov/pmc/articles/PMC2925951/,4
https://www.ncbi.nlm.nih.gov/pmc/articles/PMC3350920/,4
https://www.ncbi.nlm.nih.gov/pmc/articles/PMC3422896/,1
https://www.ncbi.nlm.nih.gov/pmc/articles/PMC11869762/,1
https://www.ncbi.nlm.nih.gov/pmc/articles/PMC10712242/,3
https://www.ncbi.nlm.nih.gov/pmc/articles/PMC6143729/,0
https://www.ncbi.nlm.nih.gov/pmc/articles/PMC10058394/,4
https://www.ncbi.nlm.nih.gov/pmc/articles/PMC4103452/,1
https://www.ncbi.nlm.nih.gov/pmc/articles/PMC8024390/,3
https://www.ncbi.nlm.nih.gov/pmc/articles/PMC6348315/,4
https://www.ncbi.nlm.nih.gov/pmc/articles/PMC6359015/,3
https://www.ncbi.nlm.nih.gov/pmc/articles/PMC7667275/,3
https://www.ncbi.nlm.nih.gov/pmc/articles/PMC7756144/,3
https://www.ncbi.nlm.nih.gov/pmc/articles/PMC8169688/,3
https://www.ncbi.nlm.nih.gov/pmc/articles/PMC8475764/,3
https://www.ncbi.nlm.nih.gov/pmc/articles/PMC9098553/,4
https://www.ncbi.nlm.nih.gov/pmc/articles/PMC10503492/,3
https://www.ncbi.nlm.nih.gov/pmc/articles/PMC9693084/,3
https://www.ncbi.nlm.nih.gov/pmc/articles/PMC4430214/,3
https://www.ncbi.nlm.nih.gov/pmc/articles/PMC5045078/,3
https://www.ncbi.nlm.nih.gov/pmc/articles/PMC5443495/,3
https://www.ncbi.nlm.nih.gov/pmc/articles/PMC5666744/,3
https://www.ncbi.nlm.nih.gov/pmc/articles/PMC5865701/,1
https://www.ncbi.nlm.nih.gov/pmc/articles/PMC6337482/,3
https://www.ncbi.nlm.nih.gov/pmc/articles/PMC9953463/,3
https://www.ncbi.nlm.nih.gov/pmc/articles/PMC10487739/,3
https://www.ncbi.nlm.nih.gov/pmc/articles/PMC11942576/,4
https://www.ncbi.nlm.nih.gov/pmc/articles/PMC4052902/,4
https://www.ncbi.nlm.nih.gov/pmc/articles/PMC8539686/,4
https://www.ncbi.nlm.nih.gov/pmc/articles/PMC10800490/,3
https://www.ncbi.nlm.nih.gov/pmc/articles/PMC7756143/,3
https://www.ncbi.nlm.nih.gov/pmc/articles/PMC3066201/,3
https://www.ncbi.nlm.nih.gov/pmc/articles/PMC11324864/,3
https://www.ncbi.nlm.nih.gov/pmc/articles/PMC3665236/,1
https://www.ncbi.nlm.nih.gov/pmc/articles/PMC10470837/,0
https://www.ncbi.nlm.nih.gov/pmc/articles/PMC10386755/,0
https://www.ncbi.nlm.nih.gov/pmc/articles/PMC8896891/,1
https://www.ncbi.nlm.nih.gov/pmc/articles/PMC8430797/,3
https://www.ncbi.nlm.nih.gov/pmc/articles/PMC5460135/,3
https://www.ncbi.nlm.nih.gov/pmc/articles/PMC10774393/,3
https://www.ncbi.nlm.nih.gov/pmc/articles/PMC6126739/,4
https://www.ncbi.nlm.nih.gov/pmc/articles/PMC4411111/,4
https://www.ncbi.nlm.nih.gov/pmc/articles/PMC9445043/,4
https://www.ncbi.nlm.nih.gov/pmc/articles/PMC3509447/,3
https://www.ncbi.nlm.nih.gov/pmc/articles/PMC5600826/,1
https://www.ncbi.nlm.nih.gov/pmc/articles/PMC10831389/,1
https://www.ncbi.nlm.nih.gov/pmc/articles/PMC4507784/,4
https://www.ncbi.nlm.nih.gov/pmc/articles/PMC4349987/,4
https://www.ncbi.nlm.nih.gov/pmc/articles/PMC6638264/,1
https://www.ncbi.nlm.nih.gov/pmc/articles/PMC6130020/,4
https://www.ncbi.nlm.nih.gov/pmc/articles/PMC9695374/,3
https://www.ncbi.nlm.nih.gov/pmc/articles/PMC6141014/,2
https://www.ncbi.nlm.nih.gov/pmc/articles/PMC6706399/,1
https://www.ncbi.nlm.nih.gov/pmc/articles/PMC12034070/,1
https://www.ncbi.nlm.nih.gov/pmc/articles/PMC7235020/,2
https://www.ncbi.nlm.nih.gov/pmc/articles/PMC7599661/,3
https://www.ncbi.nlm.nih.gov/pmc/articles/PMC8493566/,1
https://www.ncbi.nlm.nih.gov/pmc/articles/PMC6069985/,1
https://www.ncbi.nlm.nih.gov/pmc/articles/PMC9856674/,3
https://www.ncbi.nlm.nih.gov/pmc/articles/PMC9410522/,1
https://www.ncbi.nlm.nih.gov/pmc/articles/PMC10344948/,3
https://www.ncbi.nlm.nih.gov/pmc/articles/PMC4750446/,2
https://www.ncbi.nlm.nih.gov/pmc/articles/PMC7162976/,2
https://www.ncbi.nlm.nih.gov/pmc/articles/PMC11353732/,3
https://www.ncbi.nlm.nih.gov/pmc/articles/PMC11953390/,1
https://www.ncbi.nlm.nih.gov/pmc/articles/PMC9737020/,1
https://www.ncbi.nlm.nih.gov/pmc/articles/PMC5515519/,3
https://www.ncbi.nlm.nih.gov/pmc/articles/PMC10144393/,0
https://www.ncbi.nlm.nih.gov/pmc/articles/PMC10719374/,3
https://www.ncbi.nlm.nih.gov/pmc/articles/PMC11096397/,0
https://www.ncbi.nlm.nih.gov/pmc/articles/PMC11166655/,3
https://www.ncbi.nlm.nih.gov/pmc/articles/PMC7937622/,0
https://www.ncbi.nlm.nih.gov/pmc/articles/PMC7055474/,1
https://www.ncbi.nlm.nih.gov/pmc/articles/PMC7118179/,1
https://www.ncbi.nlm.nih.gov/pmc/articles/PMC4494396/,1
https://www.ncbi.nlm.nih.gov/pmc/articles/PMC8323809/,1
https://www.ncbi.nlm.nih.gov/pmc/articles/PMC8886715/,1
https://www.ncbi.nlm.nih.gov/pmc/articles/PMC8890767/,1
https://www.ncbi.nlm.nih.gov/pmc/articles/PMC9487896/,1
https://www.ncbi.nlm.nih.gov/pmc/articles/PMC10142442/,1
https://www.ncbi.nlm.nih.gov/pmc/articles/PMC11477029/,1
https://www.ncbi.nlm.nih.gov/pmc/articles/PMC4309301/,1
https://www.ncbi.nlm.nih.gov/pmc/articles/PMC6343501/,2
https://www.ncbi.nlm.nih.gov/pmc/articles/PMC7138367/,3
https://www.ncbi.nlm.nih.gov/pmc/articles/PMC6689164/,3
https://www.ncbi.nlm.nih.gov/pmc/articles/PMC3564669/,2
https://www.ncbi.nlm.nih.gov/pmc/articles/PMC4042434/,2
https://www.ncbi.nlm.nih.gov/pmc/articles/PMC4161659/,2
https://www.ncbi.nlm.nih.gov/pmc/articles/PMC4917201/,2
https://www.ncbi.nlm.nih.gov/pmc/articles/PMC4985531/,2
https://www.ncbi.nlm.nih.gov/pmc/articles/PMC5421618/,2
https://www.ncbi.nlm.nih.gov/pmc/articles/PMC5515514/,2
https://www.ncbi.nlm.nih.gov/pmc/articles/PMC8671758/,2
https://www.ncbi.nlm.nih.gov/pmc/articles/PMC5771473/,2
https://www.ncbi.nlm.nih.gov/pmc/articles/PMC5288125/,2
https://www.ncbi.nlm.nih.gov/pmc/articles/PMC5389344/,2
https://www.ncbi.nlm.nih.gov/pmc/articles/PMC9784906/,2
https://www.ncbi.nlm.nih.gov/pmc/articles/PMC6548323/,2
https://www.ncbi.nlm.nih.gov/pmc/articles/PMC6597714/,2
https://www.ncbi.nlm.nih.gov/pmc/articles/PMC6865368/,2
https://www.ncbi.nlm.nih.gov/pmc/articles/PMC7907224/,2
https://www.ncbi.nlm.nih.gov/pmc/articles/PMC8213760/,3
https://www.ncbi.nlm.nih.gov/pmc/articles/PMC9582271/,2
https://www.ncbi.nlm.nih.gov/pmc/articles/PMC10063413/,2
https://www.ncbi.nlm.nih.gov/pmc/articles/PMC10889206/,2
https://www.ncbi.nlm.nih.gov/pmc/articles/PMC8468678/,0
https://www.ncbi.nlm.nih.gov/pmc/articles/PMC9031868/,3
https://www.ncbi.nlm.nih.gov/pmc/articles/PMC10030976/,0
https://www.ncbi.nlm.nih.gov/pmc/articles/PMC5910807/,1
https://www.ncbi.nlm.nih.gov/pmc/articles/PMC12021249/,1
https://www.ncbi.nlm.nih.gov/pmc/articles/PMC6057834/,1
https://www.ncbi.nlm.nih.gov/pmc/articles/PMC6876156/,1
https://www.ncbi.nlm.nih.gov/pmc/articles/PMC7415877/,3
https://www.ncbi.nlm.nih.gov/pmc/articles/PMC7285199/,1
https://www.ncbi.nlm.nih.gov/pmc/articles/PMC9549344/,1
https://www.ncbi.nlm.nih.gov/pmc/articles/PMC7530743/,1
https://www.ncbi.nlm.nih.gov/pmc/articles/PMC7890410/,3
https://www.ncbi.nlm.nih.gov/pmc/articles/PMC9640571/,1
https://www.ncbi.nlm.nih.gov/pmc/articles/PMC9862956/,1
https://www.ncbi.nlm.nih.gov/pmc/articles/PMC10410709/,1
https://www.ncbi.nlm.nih.gov/pmc/articles/PMC10751425/,1
https://www.ncbi.nlm.nih.gov/pmc/articles/PMC10605753/,3
https://www.ncbi.nlm.nih.gov/pmc/articles/PMC10846184/,1
https://www.ncbi.nlm.nih.gov/pmc/articles/PMC11302229/,1
https://www.ncbi.nlm.nih.gov/pmc/articles/PMC11487192/,1
https://www.ncbi.nlm.nih.gov/pmc/articles/PMC3554398/,1
https://www.ncbi.nlm.nih.gov/pmc/articles/PMC10370681/,1
https://www.ncbi.nlm.nih.gov/pmc/articles/PMC4624184/,0
https://www.ncbi.nlm.nih.gov/pmc/articles/PMC4945788/,0
https://www.ncbi.nlm.nih.gov/pmc/articles/PMC9116463/,0
https://www.ncbi.nlm.nih.gov/pmc/articles/PMC5201052/,0
https://www.ncbi.nlm.nih.gov/pmc/articles/PMC5391430/,0
https://www.ncbi.nlm.nih.gov/pmc/articles/PMC5504618/,0
https://www.ncbi.nlm.nih.gov/pmc/articles/PMC8421509/,0
https://www.ncbi.nlm.nih.gov/pmc/articles/PMC5552977/,0
https://www.ncbi.nlm.nih.gov/pmc/articles/PMC5805884/,0
https://www.ncbi.nlm.nih.gov/pmc/articles/PMC5864415/,1
https://www.ncbi.nlm.nih.gov/pmc/articles/PMC6013642/,0
https://www.ncbi.nlm.nih.gov/pmc/articles/PMC5578834/,0
https://www.ncbi.nlm.nih.gov/pmc/articles/PMC5958250/,0
https://www.ncbi.nlm.nih.gov/pmc/articles/PMC7326050/,0
https://www.ncbi.nlm.nih.gov/pmc/articles/PMC6251167/,0
https://www.ncbi.nlm.nih.gov/pmc/articles/PMC9098231/,0
https://www.ncbi.nlm.nih.gov/pmc/articles/PMC6426649/,0
https://www.ncbi.nlm.nih.gov/pmc/articles/PMC6452512/,0
https://www.ncbi.nlm.nih.gov/pmc/articles/PMC6529585/,0
https://www.ncbi.nlm.nih.gov/pmc/articles/PMC6952069/,1
https://www.ncbi.nlm.nih.gov/pmc/articles/PMC7303416/,0
https://www.ncbi.nlm.nih.gov/pmc/articles/PMC7317102/,0
https://www.ncbi.nlm.nih.gov/pmc/articles/PMC7393961/,0
https://www.ncbi.nlm.nih.gov/pmc/articles/PMC7484075/,0
https://www.ncbi.nlm.nih.gov/pmc/articles/PMC7516158/,0
https://www.ncbi.nlm.nih.gov/pmc/articles/PMC7561690/,0
https://www.ncbi.nlm.nih.gov/pmc/articles/PMC7595942/,0
https://www.ncbi.nlm.nih.gov/pmc/articles/PMC7677455/,0
https://www.ncbi.nlm.nih.gov/pmc/articles/PMC8005752/,0
https://www.ncbi.nlm.nih.gov/pmc/articles/PMC8104057/,0
https://www.ncbi.nlm.nih.gov/pmc/articles/PMC12034939/,1
https://www.ncbi.nlm.nih.gov/pmc/articles/PMC8012687/,3
https://www.ncbi.nlm.nih.gov/pmc/articles/PMC8086211/,0
https://www.ncbi.nlm.nih.gov/pmc/articles/PMC8211661/,0
https://www.ncbi.nlm.nih.gov/pmc/articles/PMC11988970/,3
https://www.ncbi.nlm.nih.gov/pmc/articles/PMC8754149/,0
https://www.ncbi.nlm.nih.gov/pmc/articles/PMC8875396/,0
https://www.ncbi.nlm.nih.gov/pmc/articles/PMC9258157/,0
https://www.ncbi.nlm.nih.gov/pmc/articles/PMC9503880/,0
https://www.ncbi.nlm.nih.gov/pmc/articles/PMC9743659/,0
https://www.ncbi.nlm.nih.gov/pmc/articles/PMC10715203/,0
https://www.ncbi.nlm.nih.gov/pmc/articles/PMC10628120/,0
https://www.ncbi.nlm.nih.gov/pmc/articles/PMC10960378/,0
https://www.ncbi.nlm.nih.gov/pmc/articles/PMC11451251/,0
https://www.ncbi.nlm.nih.gov/pmc/articles/PMC5523082/,1
https://www.ncbi.nlm.nih.gov/pmc/articles/PMC6590338/,1
https://www.ncbi.nlm.nih.gov/pmc/articles/PMC6036641/,2
https://www.ncbi.nlm.nih.gov/pmc/articles/PMC6599637/,2
https://www.ncbi.nlm.nih.gov/pmc/articles/PMC8274610/,3
https://www.ncbi.nlm.nih.gov/pmc/articles/PMC8131644/,3
https://www.ncbi.nlm.nih.gov/pmc/articles/PMC9163032/,3
https://www.ncbi.nlm.nih.gov/pmc/articles/PMC5568470/,1
https://www.ncbi.nlm.nih.gov/pmc/articles/PMC5485990/,3
https://www.ncbi.nlm.nih.gov/pmc/articles/PMC5460239/,3
https://www.ncbi.nlm.nih.gov/pmc/articles/PMC6275019/,3
https://www.ncbi.nlm.nih.gov/pmc/articles/PMC5397022/,4
https://www.ncbi.nlm.nih.gov/pmc/articles/PMC7251690/,4
https://www.ncbi.nlm.nih.gov/pmc/articles/PMC10284894/,0
https://www.ncbi.nlm.nih.gov/pmc/articles/PMC9964234/,3
https://www.ncbi.nlm.nih.gov/pmc/articles/PMC10793275/,0
https://www.ncbi.nlm.nih.gov/pmc/articles/PMC4116675/,1
https://www.ncbi.nlm.nih.gov/pmc/articles/PMC5810432/,1
https://www.ncbi.nlm.nih.gov/pmc/articles/PMC10261121/,0
https://www.ncbi.nlm.nih.gov/pmc/articles/PMC8739323/,0
https://www.ncbi.nlm.nih.gov/pmc/articles/PMC9502502/,1
https://www.ncbi.nlm.nih.gov/pmc/articles/PMC10432549/,3
https://www.ncbi.nlm.nih.gov/pmc/articles/PMC7261848/,0
https://www.ncbi.nlm.nih.gov/pmc/articles/PMC8537831/,0
https://www.ncbi.nlm.nih.gov/pmc/articles/PMC8879990/,3
https://www.ncbi.nlm.nih.gov/pmc/articles/PMC11999716/,0
https://www.ncbi.nlm.nih.gov/pmc/articles/PMC11969330/,1
https://www.ncbi.nlm.nih.gov/pmc/articles/PMC11940681/,2
https://www.ncbi.nlm.nih.gov/pmc/articles/PMC11941215/,3
https://www.ncbi.nlm.nih.gov/pmc/articles/PMC11892206/,3
https://www.ncbi.nlm.nih.gov/pmc/articles/PMC11748630/,3
https://www.ncbi.nlm.nih.gov/pmc/articles/PMC11659408/,1
https://www.ncbi.nlm.nih.gov/pmc/articles/PMC11701653/,3
https://www.ncbi.nlm.nih.gov/pmc/articles/PMC11593819/,3
https://www.ncbi.nlm.nih.gov/pmc/articles/PMC11339457/,1
https://pmc.ncbi.nlm.nih.gov/articles/PMC6915713/,3
https://www.ncbi.nlm.nih.gov/pmc/articles/PMC6048781/,4
https://pmc.ncbi.nlm.nih.gov/articles/PMC4702960/,1
https://www.ncbi.nlm.nih.gov/pmc/articles/PMC4896697/,1
https://pmc.ncbi.nlm.nih.gov/articles/PMC11831363/,1
https://www.ncbi.nlm.nih.gov/pmc/articles/PMC4150462/,4
https://pmc.ncbi.nlm.nih.gov/articles/PMC4117989/,4
https://www.ncbi.nlm.nih.gov/pmc/articles/PMC11167097/,3
https://pmc.ncbi.nlm.nih.gov/articles/PMC9224676/,1
https://pmc.ncbi.nlm.nih.gov/articles/PMC8573954/,1
https://www.ncbi.nlm.nih.gov/pmc/articles/PMC4411250/,4
https://www.ncbi.nlm.nih.gov/pmc/articles/PMC6188462/,3
https://pmc.ncbi.nlm.nih.gov/articles/PMC11455966/,3
https://pmc.ncbi.nlm.nih.gov/articles/PMC3777930/,3
https://pmc.ncbi.nlm.nih.gov/articles/PMC10881285/,1
https://pmc.ncbi.nlm.nih.gov/articles/PMC5514531/,0
https://pmc.ncbi.nlm.nih.gov/articles/PMC6234677/,0
https://www.ncbi.nlm.nih.gov/pmc/articles/PMC10472590/,0
