link,final_cluster
https://www.ncbi.nlm.nih.gov/pmc/articles/PMC4136787/,115
https://www.ncbi.nlm.nih.gov/pmc/articles/PMC3630201/,109
https://www.ncbi.nlm.nih.gov/pmc/articles/PMC11988870/,112
https://www.ncbi.nlm.nih.gov/pmc/articles/PMC7998608/,106
https://www.ncbi.nlm.nih.gov/pmc/articles/PMC5587110/,113
https://www.ncbi.nlm.nih.gov/pmc/articles/PMC8396460/,114
https://www.ncbi.nlm.nih.gov/pmc/articles/PMC5666799/,109
https://www.ncbi.nlm.nih.gov/pmc/articles/PMC5460236/,113
https://www.ncbi.nlm.nih.gov/pmc/articles/PMC6222041/,109
https://www.ncbi.nlm.nih.gov/pmc/articles/PMC6813909/,109
https://www.ncbi.nlm.nih.gov/pmc/articles/PMC4095884/,105
https://www.ncbi.nlm.nih.gov/pmc/articles/PMC3040128/,117
https://www.ncbi.nlm.nih.gov/pmc/articles/PMC3177255/,117
https://www.ncbi.nlm.nih.gov/pmc/articles/PMC11500582/,118
https://www.ncbi.nlm.nih.gov/pmc/articles/PMC5387210/,116
https://www.ncbi.nlm.nih.gov/pmc/articles/PMC4642138/,116
https://www.ncbi.nlm.nih.gov/pmc/articles/PMC2915878/,106
https://www.ncbi.nlm.nih.gov/pmc/articles/PMC3901686/,114
https://www.ncbi.nlm.nih.gov/pmc/articles/PMC6387434/,112
https://www.ncbi.nlm.nih.gov/pmc/articles/PMC6371294/,113
https://www.ncbi.nlm.nih.gov/pmc/articles/PMC7072278/,112
https://www.ncbi.nlm.nih.gov/pmc/articles/PMC8441986/,112
https://www.ncbi.nlm.nih.gov/pmc/articles/PMC9400218/,101
https://www.ncbi.nlm.nih.gov/pmc/articles/PMC9267413/,112
https://www.ncbi.nlm.nih.gov/pmc/articles/PMC9576569/,114
https://www.ncbi.nlm.nih.gov/pmc/articles/PMC10789781/,112
https://www.ncbi.nlm.nih.gov/pmc/articles/PMC10772081/,106
https://www.ncbi.nlm.nih.gov/pmc/articles/PMC11166946/,113
https://www.ncbi.nlm.nih.gov/pmc/articles/PMC11166944/,112
https://www.ncbi.nlm.nih.gov/pmc/articles/PMC11166968/,113
https://www.ncbi.nlm.nih.gov/pmc/articles/PMC7000411/,114
https://www.ncbi.nlm.nih.gov/pmc/articles/PMC7787258/,114
https://www.ncbi.nlm.nih.gov/pmc/articles/PMC8716943/,116
https://www.ncbi.nlm.nih.gov/pmc/articles/PMC4826010/,118
https://www.ncbi.nlm.nih.gov/pmc/articles/PMC7010715/,116
https://www.ncbi.nlm.nih.gov/pmc/articles/PMC7503278/,116
https://www.ncbi.nlm.nih.gov/pmc/articles/PMC8364238/,116
https://www.ncbi.nlm.nih.gov/pmc/articles/PMC11579474/,109
https://www.ncbi.nlm.nih.gov/pmc/articles/PMC2998437/,107
https://www.ncbi.nlm.nih.gov/pmc/articles/PMC3005423/,107
https://www.ncbi.nlm.nih.gov/pmc/articles/PMC3190158/,107
https://www.ncbi.nlm.nih.gov/pmc/articles/PMC3289768/,107
https://www.ncbi.nlm.nih.gov/pmc/articles/PMC3508904/,107
https://www.ncbi.nlm.nih.gov/pmc/articles/PMC3430326/,107
https://www.ncbi.nlm.nih.gov/pmc/articles/PMC3593973/,107
https://www.ncbi.nlm.nih.gov/pmc/articles/PMC11127935/,117
https://www.ncbi.nlm.nih.gov/pmc/articles/PMC11930778/,117
https://www.ncbi.nlm.nih.gov/pmc/articles/PMC8816950/,118
https://www.ncbi.nlm.nih.gov/pmc/articles/PMC3774184/,111
https://www.ncbi.nlm.nih.gov/pmc/articles/PMC4118556/,111
https://www.ncbi.nlm.nih.gov/pmc/articles/PMC4653813/,111
https://www.ncbi.nlm.nih.gov/pmc/articles/PMC6915713/,112
https://www.ncbi.nlm.nih.gov/pmc/articles/PMC6124165/,109
https://www.ncbi.nlm.nih.gov/pmc/articles/PMC8509868/,111
https://www.ncbi.nlm.nih.gov/pmc/articles/PMC11063234/,112
https://www.ncbi.nlm.nih.gov/pmc/articles/PMC5672023/,115
https://www.ncbi.nlm.nih.gov/pmc/articles/PMC5899691/,105
https://www.ncbi.nlm.nih.gov/pmc/articles/PMC6204554/,105
https://www.ncbi.nlm.nih.gov/pmc/articles/PMC4064004/,105
https://www.ncbi.nlm.nih.gov/pmc/articles/PMC3818365/,118
https://www.ncbi.nlm.nih.gov/pmc/articles/PMC3981873/,118
https://www.ncbi.nlm.nih.gov/pmc/articles/PMC4378170/,117
https://www.ncbi.nlm.nih.gov/pmc/articles/PMC4618186/,118
https://www.ncbi.nlm.nih.gov/pmc/articles/PMC4453782/,117
https://www.ncbi.nlm.nih.gov/pmc/articles/PMC4902601/,117
https://www.ncbi.nlm.nih.gov/pmc/articles/PMC4776492/,118
https://www.ncbi.nlm.nih.gov/pmc/articles/PMC5415411/,118
https://www.ncbi.nlm.nih.gov/pmc/articles/PMC6289879/,118
https://www.ncbi.nlm.nih.gov/pmc/articles/PMC7987364/,118
https://www.ncbi.nlm.nih.gov/pmc/articles/PMC8099722/,113
https://www.ncbi.nlm.nih.gov/pmc/articles/PMC4033213/,106
https://www.ncbi.nlm.nih.gov/pmc/articles/PMC6081456/,113
https://www.ncbi.nlm.nih.gov/pmc/articles/PMC5955502/,114
https://www.ncbi.nlm.nih.gov/pmc/articles/PMC10285634/,111
https://www.ncbi.nlm.nih.gov/pmc/articles/PMC11271499/,104
https://www.ncbi.nlm.nih.gov/pmc/articles/PMC6062551/,114
https://www.ncbi.nlm.nih.gov/pmc/articles/PMC9832585/,112
https://www.ncbi.nlm.nih.gov/pmc/articles/PMC7829349/,101
https://www.ncbi.nlm.nih.gov/pmc/articles/PMC3570223/,109
https://www.ncbi.nlm.nih.gov/pmc/articles/PMC3457586/,106
https://www.ncbi.nlm.nih.gov/pmc/articles/PMC3558598/,106
https://www.ncbi.nlm.nih.gov/pmc/articles/PMC11046949/,106
https://www.ncbi.nlm.nih.gov/pmc/articles/PMC3890248/,109
https://www.ncbi.nlm.nih.gov/pmc/articles/PMC3868799/,108
https://www.ncbi.nlm.nih.gov/pmc/articles/PMC4960141/,108
https://www.ncbi.nlm.nih.gov/pmc/articles/PMC5736159/,113
https://www.ncbi.nlm.nih.gov/pmc/articles/PMC5761896/,105
https://www.ncbi.nlm.nih.gov/pmc/articles/PMC5826609/,114
https://www.ncbi.nlm.nih.gov/pmc/articles/PMC6366624/,105
https://www.ncbi.nlm.nih.gov/pmc/articles/PMC11929063/,106
https://www.ncbi.nlm.nih.gov/pmc/articles/PMC10996920/,105
https://www.ncbi.nlm.nih.gov/pmc/articles/PMC7954810/,115
https://www.ncbi.nlm.nih.gov/pmc/articles/PMC4228280/,114
https://www.ncbi.nlm.nih.gov/pmc/articles/PMC3639165/,114
https://www.ncbi.nlm.nih.gov/pmc/articles/PMC8044432/,113
https://www.ncbi.nlm.nih.gov/pmc/articles/PMC7778922/,113
https://www.ncbi.nlm.nih.gov/pmc/articles/PMC7870178/,113
https://www.ncbi.nlm.nih.gov/pmc/articles/PMC7733874/,113
https://www.ncbi.nlm.nih.gov/pmc/articles/PMC7828077/,113
https://www.ncbi.nlm.nih.gov/pmc/articles/PMC11166911/,113
https://www.ncbi.nlm.nih.gov/pmc/articles/PMC11094041/,113
https://www.ncbi.nlm.nih.gov/pmc/articles/PMC11053165/,113
https://www.ncbi.nlm.nih.gov/pmc/articles/PMC11403809/,113
https://www.ncbi.nlm.nih.gov/pmc/articles/PMC8513672/,105
https://www.ncbi.nlm.nih.gov/pmc/articles/PMC11126634/,103
https://www.ncbi.nlm.nih.gov/pmc/articles/PMC11386075/,101
https://www.ncbi.nlm.nih.gov/pmc/articles/PMC3502426/,109
https://www.ncbi.nlm.nih.gov/pmc/articles/PMC3856860/,110
https://www.ncbi.nlm.nih.gov/pmc/articles/PMC3615599/,104
https://www.ncbi.nlm.nih.gov/pmc/articles/PMC4050424/,115
https://www.ncbi.nlm.nih.gov/pmc/articles/PMC3659353/,115
https://www.ncbi.nlm.nih.gov/pmc/articles/PMC4169763/,110
https://www.ncbi.nlm.nih.gov/pmc/articles/PMC4398884/,110
https://www.ncbi.nlm.nih.gov/pmc/articles/PMC4379453/,110
https://www.ncbi.nlm.nih.gov/pmc/articles/PMC4385880/,115
https://www.ncbi.nlm.nih.gov/pmc/articles/PMC4964660/,112
https://www.ncbi.nlm.nih.gov/pmc/articles/PMC5866446/,104
https://www.ncbi.nlm.nih.gov/pmc/articles/PMC6165321/,115
https://www.ncbi.nlm.nih.gov/pmc/articles/PMC7339929/,104
https://www.ncbi.nlm.nih.gov/pmc/articles/PMC8220224/,114
https://www.ncbi.nlm.nih.gov/pmc/articles/PMC2910419/,106
https://www.ncbi.nlm.nih.gov/pmc/articles/PMC3166430/,105
https://www.ncbi.nlm.nih.gov/pmc/articles/PMC6615562/,109
https://www.ncbi.nlm.nih.gov/pmc/articles/PMC7324008/,112
https://www.ncbi.nlm.nih.gov/pmc/articles/PMC8412175/,112
https://www.ncbi.nlm.nih.gov/pmc/articles/PMC9699585/,112
https://www.ncbi.nlm.nih.gov/pmc/articles/PMC9953055/,112
https://www.ncbi.nlm.nih.gov/pmc/articles/PMC10528075/,112
https://www.ncbi.nlm.nih.gov/pmc/articles/PMC10813126/,112
https://www.ncbi.nlm.nih.gov/pmc/articles/PMC10390562/,113
https://www.ncbi.nlm.nih.gov/pmc/articles/PMC4290804/,117
https://www.ncbi.nlm.nih.gov/pmc/articles/PMC5515520/,116
https://www.ncbi.nlm.nih.gov/pmc/articles/PMC5286820/,116
https://www.ncbi.nlm.nih.gov/pmc/articles/PMC5470433/,117
https://www.ncbi.nlm.nih.gov/pmc/articles/PMC5491145/,114
https://www.ncbi.nlm.nih.gov/pmc/articles/PMC5996828/,118
https://www.ncbi.nlm.nih.gov/pmc/articles/PMC6201722/,117
https://www.ncbi.nlm.nih.gov/pmc/articles/PMC6240453/,116
https://www.ncbi.nlm.nih.gov/pmc/articles/PMC6447593/,114
https://www.ncbi.nlm.nih.gov/pmc/articles/PMC7264257/,101
https://www.ncbi.nlm.nih.gov/pmc/articles/PMC7064724/,117
https://www.ncbi.nlm.nih.gov/pmc/articles/PMC6379395/,115
https://www.ncbi.nlm.nih.gov/pmc/articles/PMC4187166/,112
https://www.ncbi.nlm.nih.gov/pmc/articles/PMC5219934/,105
https://www.ncbi.nlm.nih.gov/pmc/articles/PMC6386654/,105
https://www.ncbi.nlm.nih.gov/pmc/articles/PMC7940393/,105
https://www.ncbi.nlm.nih.gov/pmc/articles/PMC9023564/,105
https://www.ncbi.nlm.nih.gov/pmc/articles/PMC9389742/,114
https://www.ncbi.nlm.nih.gov/pmc/articles/PMC2824534/,105
https://www.ncbi.nlm.nih.gov/pmc/articles/PMC2991213/,109
https://www.ncbi.nlm.nih.gov/pmc/articles/PMC11362537/,114
https://www.ncbi.nlm.nih.gov/pmc/articles/PMC9111996/,106
https://www.ncbi.nlm.nih.gov/pmc/articles/PMC10308117/,100
https://www.ncbi.nlm.nih.gov/pmc/articles/PMC10233975/,101
https://www.ncbi.nlm.nih.gov/pmc/articles/PMC10848226/,101
https://www.ncbi.nlm.nih.gov/pmc/articles/PMC3329368/,116
https://www.ncbi.nlm.nih.gov/pmc/articles/PMC12008199/,116
https://www.ncbi.nlm.nih.gov/pmc/articles/PMC4035928/,116
https://www.ncbi.nlm.nih.gov/pmc/articles/PMC5181587/,105
https://www.ncbi.nlm.nih.gov/pmc/articles/PMC4936552/,118
https://www.ncbi.nlm.nih.gov/pmc/articles/PMC7610290/,118
https://www.ncbi.nlm.nih.gov/pmc/articles/PMC5614317/,118
https://www.ncbi.nlm.nih.gov/pmc/articles/PMC5677518/,118
https://www.ncbi.nlm.nih.gov/pmc/articles/PMC11850895/,117
https://www.ncbi.nlm.nih.gov/pmc/articles/PMC7076552/,113
https://www.ncbi.nlm.nih.gov/pmc/articles/PMC7414185/,118
https://www.ncbi.nlm.nih.gov/pmc/articles/PMC8133610/,118
https://www.ncbi.nlm.nih.gov/pmc/articles/PMC8113475/,112
https://www.ncbi.nlm.nih.gov/pmc/articles/PMC9706465/,118
https://www.ncbi.nlm.nih.gov/pmc/articles/PMC10027818/,114
https://www.ncbi.nlm.nih.gov/pmc/articles/PMC3337602/,109
https://www.ncbi.nlm.nih.gov/pmc/articles/PMC4490751/,109
https://www.ncbi.nlm.nih.gov/pmc/articles/PMC5132293/,105
https://www.ncbi.nlm.nih.gov/pmc/articles/PMC11747068/,105
https://www.ncbi.nlm.nih.gov/pmc/articles/PMC5666834/,112
https://www.ncbi.nlm.nih.gov/pmc/articles/PMC6753329/,115
https://www.ncbi.nlm.nih.gov/pmc/articles/PMC7012842/,115
https://www.ncbi.nlm.nih.gov/pmc/articles/PMC4405755/,104
https://www.ncbi.nlm.nih.gov/pmc/articles/PMC8260663/,115
https://www.ncbi.nlm.nih.gov/pmc/articles/PMC4647464/,105
https://www.ncbi.nlm.nih.gov/pmc/articles/PMC5659752/,106
https://www.ncbi.nlm.nih.gov/pmc/articles/PMC6372189/,106
https://www.ncbi.nlm.nih.gov/pmc/articles/PMC6945029/,106
https://www.ncbi.nlm.nih.gov/pmc/articles/PMC8191917/,106
https://www.ncbi.nlm.nih.gov/pmc/articles/PMC9865768/,106
https://www.ncbi.nlm.nih.gov/pmc/articles/PMC10797188/,114
https://www.ncbi.nlm.nih.gov/pmc/articles/PMC7555395/,112
https://www.ncbi.nlm.nih.gov/pmc/articles/PMC4309212/,114
https://www.ncbi.nlm.nih.gov/pmc/articles/PMC6560652/,105
https://www.ncbi.nlm.nih.gov/pmc/articles/PMC6321533/,114
https://www.ncbi.nlm.nih.gov/pmc/articles/PMC12040010/,105
https://www.ncbi.nlm.nih.gov/pmc/articles/PMC11833055/,115
https://www.ncbi.nlm.nih.gov/pmc/articles/PMC9146534/,106
https://www.ncbi.nlm.nih.gov/pmc/articles/PMC11492218/,105
https://www.ncbi.nlm.nih.gov/pmc/articles/PMC6339989/,105
https://www.ncbi.nlm.nih.gov/pmc/articles/PMC4110898/,109
https://www.ncbi.nlm.nih.gov/pmc/articles/PMC3947616/,105
https://www.ncbi.nlm.nih.gov/pmc/articles/PMC5477841/,109
https://www.ncbi.nlm.nih.gov/pmc/articles/PMC9139491/,109
https://www.ncbi.nlm.nih.gov/pmc/articles/PMC5515531/,106
https://www.ncbi.nlm.nih.gov/pmc/articles/PMC3258067/,116
https://www.ncbi.nlm.nih.gov/pmc/articles/PMC10025027/,105
https://www.ncbi.nlm.nih.gov/pmc/articles/PMC7733933/,105
https://www.ncbi.nlm.nih.gov/pmc/articles/PMC9105288/,116
https://www.ncbi.nlm.nih.gov/pmc/articles/PMC9617909/,117
https://www.ncbi.nlm.nih.gov/pmc/articles/PMC9695138/,117
https://www.ncbi.nlm.nih.gov/pmc/articles/PMC3503204/,117
https://www.ncbi.nlm.nih.gov/pmc/articles/PMC5896955/,105
https://www.ncbi.nlm.nih.gov/pmc/articles/PMC4469364/,107
https://www.ncbi.nlm.nih.gov/pmc/articles/PMC5047659/,118
https://www.ncbi.nlm.nih.gov/pmc/articles/PMC5454470/,115
https://www.ncbi.nlm.nih.gov/pmc/articles/PMC5515506/,106
https://www.ncbi.nlm.nih.gov/pmc/articles/PMC3044105/,109
https://www.ncbi.nlm.nih.gov/pmc/articles/PMC3002170/,105
https://www.ncbi.nlm.nih.gov/pmc/articles/PMC11470607/,106
https://www.ncbi.nlm.nih.gov/pmc/articles/PMC3603133/,105
https://www.ncbi.nlm.nih.gov/pmc/articles/PMC6462350/,105
https://www.ncbi.nlm.nih.gov/pmc/articles/PMC4012541/,105
https://www.ncbi.nlm.nih.gov/pmc/articles/PMC4653058/,114
https://www.ncbi.nlm.nih.gov/pmc/articles/PMC6137544/,115
https://www.ncbi.nlm.nih.gov/pmc/articles/PMC2913424/,105
https://www.ncbi.nlm.nih.gov/pmc/articles/PMC7190111/,101
https://www.ncbi.nlm.nih.gov/pmc/articles/PMC7382458/,101
https://www.ncbi.nlm.nih.gov/pmc/articles/PMC8444978/,102
https://www.ncbi.nlm.nih.gov/pmc/articles/PMC9241228/,101
https://www.ncbi.nlm.nih.gov/pmc/articles/PMC8953707/,104
https://www.ncbi.nlm.nih.gov/pmc/articles/PMC11166646/,113
https://www.ncbi.nlm.nih.gov/pmc/articles/PMC3747666/,111
https://www.ncbi.nlm.nih.gov/pmc/articles/PMC4337661/,109
https://www.ncbi.nlm.nih.gov/pmc/articles/PMC4631774/,109
https://www.ncbi.nlm.nih.gov/pmc/articles/PMC5052530/,105
https://www.ncbi.nlm.nih.gov/pmc/articles/PMC5114340/,111
https://www.ncbi.nlm.nih.gov/pmc/articles/PMC5488280/,109
https://www.ncbi.nlm.nih.gov/pmc/articles/PMC9293686/,105
https://www.ncbi.nlm.nih.gov/pmc/articles/PMC6091969/,105
https://www.ncbi.nlm.nih.gov/pmc/articles/PMC7029147/,103
https://www.ncbi.nlm.nih.gov/pmc/articles/PMC3092937/,105
https://www.ncbi.nlm.nih.gov/pmc/articles/PMC5748516/,117
https://www.ncbi.nlm.nih.gov/pmc/articles/PMC9287483/,112
https://www.ncbi.nlm.nih.gov/pmc/articles/PMC4211383/,117
https://www.ncbi.nlm.nih.gov/pmc/articles/PMC5821596/,114
https://www.ncbi.nlm.nih.gov/pmc/articles/PMC6889863/,117
https://www.ncbi.nlm.nih.gov/pmc/articles/PMC6908503/,115
https://www.ncbi.nlm.nih.gov/pmc/articles/PMC7607443/,117
https://www.ncbi.nlm.nih.gov/pmc/articles/PMC10764921/,117
https://www.ncbi.nlm.nih.gov/pmc/articles/PMC9605285/,117
https://www.ncbi.nlm.nih.gov/pmc/articles/PMC3962621/,104
https://www.ncbi.nlm.nih.gov/pmc/articles/PMC4462657/,104
https://www.ncbi.nlm.nih.gov/pmc/articles/PMC5026643/,104
https://www.ncbi.nlm.nih.gov/pmc/articles/PMC5026642/,104
https://www.ncbi.nlm.nih.gov/pmc/articles/PMC10342025/,104
https://www.ncbi.nlm.nih.gov/pmc/articles/PMC11167039/,104
https://www.ncbi.nlm.nih.gov/pmc/articles/PMC10020673/,101
https://www.ncbi.nlm.nih.gov/pmc/articles/PMC9144607/,105
https://www.ncbi.nlm.nih.gov/pmc/articles/PMC7314936/,117
https://www.ncbi.nlm.nih.gov/pmc/articles/PMC4340379/,106
https://www.ncbi.nlm.nih.gov/pmc/articles/PMC5933128/,105
https://www.ncbi.nlm.nih.gov/pmc/articles/PMC8185232/,117
https://www.ncbi.nlm.nih.gov/pmc/articles/PMC3936501/,106
https://www.ncbi.nlm.nih.gov/pmc/articles/PMC11998595/,105
https://www.ncbi.nlm.nih.gov/pmc/articles/PMC7996555/,117
https://www.ncbi.nlm.nih.gov/pmc/articles/PMC8234954/,117
https://www.ncbi.nlm.nih.gov/pmc/articles/PMC4152162/,115
https://www.ncbi.nlm.nih.gov/pmc/articles/PMC5498037/,112
https://www.ncbi.nlm.nih.gov/pmc/articles/PMC6547757/,115
https://www.ncbi.nlm.nih.gov/pmc/articles/PMC6747492/,114
https://www.ncbi.nlm.nih.gov/pmc/articles/PMC6746706/,114
https://www.ncbi.nlm.nih.gov/pmc/articles/PMC8400407/,112
https://www.ncbi.nlm.nih.gov/pmc/articles/PMC9365836/,114
https://www.ncbi.nlm.nih.gov/pmc/articles/PMC9547011/,114
https://www.ncbi.nlm.nih.gov/pmc/articles/PMC10138634/,115
https://www.ncbi.nlm.nih.gov/pmc/articles/PMC12031868/,115
https://www.ncbi.nlm.nih.gov/pmc/articles/PMC9583032/,113
https://www.ncbi.nlm.nih.gov/pmc/articles/PMC9746133/,105
https://www.ncbi.nlm.nih.gov/pmc/articles/PMC10422843/,100
https://www.ncbi.nlm.nih.gov/pmc/articles/PMC11022651/,114
https://www.ncbi.nlm.nih.gov/pmc/articles/PMC11357997/,113
https://www.ncbi.nlm.nih.gov/pmc/articles/PMC11167063/,106
https://www.ncbi.nlm.nih.gov/pmc/articles/PMC11166909/,113
https://www.ncbi.nlm.nih.gov/pmc/articles/PMC11222149/,114
https://www.ncbi.nlm.nih.gov/pmc/articles/PMC11166948/,113
https://www.ncbi.nlm.nih.gov/pmc/articles/PMC11166952/,113
https://www.ncbi.nlm.nih.gov/pmc/articles/PMC11166937/,112
https://www.ncbi.nlm.nih.gov/pmc/articles/PMC11357981/,113
https://www.ncbi.nlm.nih.gov/pmc/articles/PMC11166969/,114
https://www.ncbi.nlm.nih.gov/pmc/articles/PMC11166943/,113
https://www.ncbi.nlm.nih.gov/pmc/articles/PMC11166967/,113
https://www.ncbi.nlm.nih.gov/pmc/articles/PMC11167060/,112
https://www.ncbi.nlm.nih.gov/pmc/articles/PMC11166981/,114
https://www.ncbi.nlm.nih.gov/pmc/articles/PMC11263583/,105
https://www.ncbi.nlm.nih.gov/pmc/articles/PMC10780891/,103
https://www.ncbi.nlm.nih.gov/pmc/articles/PMC7067979/,101
https://www.ncbi.nlm.nih.gov/pmc/articles/PMC4321547/,116
https://www.ncbi.nlm.nih.gov/pmc/articles/PMC6710492/,105
https://www.ncbi.nlm.nih.gov/pmc/articles/PMC8518694/,116
https://www.ncbi.nlm.nih.gov/pmc/articles/PMC9861679/,116
https://www.ncbi.nlm.nih.gov/pmc/articles/PMC2897429/,105
https://www.ncbi.nlm.nih.gov/pmc/articles/PMC4187989/,118
https://www.ncbi.nlm.nih.gov/pmc/articles/PMC8217198/,105
https://www.ncbi.nlm.nih.gov/pmc/articles/PMC6981245/,115
https://www.ncbi.nlm.nih.gov/pmc/articles/PMC6131065/,115
https://www.ncbi.nlm.nih.gov/pmc/articles/PMC11233762/,115
https://www.ncbi.nlm.nih.gov/pmc/articles/PMC6213004/,106
https://www.ncbi.nlm.nih.gov/pmc/articles/PMC7171750/,115
https://www.ncbi.nlm.nih.gov/pmc/articles/PMC10414970/,116
https://www.ncbi.nlm.nih.gov/pmc/articles/PMC8450295/,104
https://www.ncbi.nlm.nih.gov/pmc/articles/PMC8183356/,104
https://www.ncbi.nlm.nih.gov/pmc/articles/PMC8932657/,105
https://www.ncbi.nlm.nih.gov/pmc/articles/PMC10504369/,104
https://www.ncbi.nlm.nih.gov/pmc/articles/PMC3982735/,118
https://www.ncbi.nlm.nih.gov/pmc/articles/PMC4682325/,116
https://www.ncbi.nlm.nih.gov/pmc/articles/PMC10264680/,117
https://www.ncbi.nlm.nih.gov/pmc/articles/PMC7358545/,116
https://www.ncbi.nlm.nih.gov/pmc/articles/PMC9108708/,106
https://www.ncbi.nlm.nih.gov/pmc/articles/PMC7555797/,112
https://www.ncbi.nlm.nih.gov/pmc/articles/PMC3545801/,103
https://www.ncbi.nlm.nih.gov/pmc/articles/PMC3869332/,103
https://www.ncbi.nlm.nih.gov/pmc/articles/PMC4135744/,105
https://www.ncbi.nlm.nih.gov/pmc/articles/PMC3911009/,106
https://www.ncbi.nlm.nih.gov/pmc/articles/PMC4923109/,101
https://www.ncbi.nlm.nih.gov/pmc/articles/PMC11673879/,105
https://www.ncbi.nlm.nih.gov/pmc/articles/PMC5648920/,103
https://www.ncbi.nlm.nih.gov/pmc/articles/PMC5817088/,101
https://www.ncbi.nlm.nih.gov/pmc/articles/PMC7825584/,105
https://www.ncbi.nlm.nih.gov/pmc/articles/PMC8904044/,105
https://www.ncbi.nlm.nih.gov/pmc/articles/PMC3012082/,106
https://www.ncbi.nlm.nih.gov/pmc/articles/PMC11088941/,106
https://www.ncbi.nlm.nih.gov/pmc/articles/PMC3187170/,106
https://www.ncbi.nlm.nih.gov/pmc/articles/PMC3133089/,106
https://www.ncbi.nlm.nih.gov/pmc/articles/PMC3242767/,105
https://www.ncbi.nlm.nih.gov/pmc/articles/PMC3067220/,114
https://www.ncbi.nlm.nih.gov/pmc/articles/PMC3251573/,106
https://www.ncbi.nlm.nih.gov/pmc/articles/PMC3647661/,106
https://www.ncbi.nlm.nih.gov/pmc/articles/PMC4085587/,106
https://www.ncbi.nlm.nih.gov/pmc/articles/PMC4096993/,105
https://www.ncbi.nlm.nih.gov/pmc/articles/PMC7467030/,106
https://www.ncbi.nlm.nih.gov/pmc/articles/PMC4427280/,106
https://www.ncbi.nlm.nih.gov/pmc/articles/PMC5460263/,106
https://www.ncbi.nlm.nih.gov/pmc/articles/PMC6204695/,105
https://www.ncbi.nlm.nih.gov/pmc/articles/PMC7943786/,106
https://www.ncbi.nlm.nih.gov/pmc/articles/PMC11888247/,105
https://www.ncbi.nlm.nih.gov/pmc/articles/PMC3851762/,114
https://www.ncbi.nlm.nih.gov/pmc/articles/PMC8067245/,112
https://www.ncbi.nlm.nih.gov/pmc/articles/PMC9701605/,114
https://www.ncbi.nlm.nih.gov/pmc/articles/PMC11166648/,114
https://www.ncbi.nlm.nih.gov/pmc/articles/PMC11166662/,113
https://www.ncbi.nlm.nih.gov/pmc/articles/PMC3838407/,105
https://www.ncbi.nlm.nih.gov/pmc/articles/PMC3748764/,105
https://www.ncbi.nlm.nih.gov/pmc/articles/PMC2925951/,117
https://www.ncbi.nlm.nih.gov/pmc/articles/PMC3350920/,116
https://www.ncbi.nlm.nih.gov/pmc/articles/PMC3422896/,105
https://www.ncbi.nlm.nih.gov/pmc/articles/PMC11869762/,106
https://www.ncbi.nlm.nih.gov/pmc/articles/PMC10712242/,114
https://www.ncbi.nlm.nih.gov/pmc/articles/PMC6143729/,103
https://www.ncbi.nlm.nih.gov/pmc/articles/PMC10058394/,117
https://www.ncbi.nlm.nih.gov/pmc/articles/PMC4103452/,105
https://www.ncbi.nlm.nih.gov/pmc/articles/PMC8024390/,114
https://www.ncbi.nlm.nih.gov/pmc/articles/PMC6348315/,118
https://www.ncbi.nlm.nih.gov/pmc/articles/PMC6359015/,114
https://www.ncbi.nlm.nih.gov/pmc/articles/PMC7667275/,112
https://www.ncbi.nlm.nih.gov/pmc/articles/PMC7756144/,112
https://www.ncbi.nlm.nih.gov/pmc/articles/PMC8169688/,114
https://www.ncbi.nlm.nih.gov/pmc/articles/PMC8475764/,114
https://www.ncbi.nlm.nih.gov/pmc/articles/PMC9098553/,117
https://www.ncbi.nlm.nih.gov/pmc/articles/PMC10503492/,115
https://www.ncbi.nlm.nih.gov/pmc/articles/PMC9693084/,112
https://www.ncbi.nlm.nih.gov/pmc/articles/PMC4430214/,115
https://www.ncbi.nlm.nih.gov/pmc/articles/PMC5045078/,112
https://www.ncbi.nlm.nih.gov/pmc/articles/PMC5443495/,114
https://www.ncbi.nlm.nih.gov/pmc/articles/PMC5666744/,115
https://www.ncbi.nlm.nih.gov/pmc/articles/PMC5865701/,106
https://www.ncbi.nlm.nih.gov/pmc/articles/PMC6337482/,114
https://www.ncbi.nlm.nih.gov/pmc/articles/PMC9953463/,114
https://www.ncbi.nlm.nih.gov/pmc/articles/PMC10487739/,114
https://www.ncbi.nlm.nih.gov/pmc/articles/PMC11942576/,118
https://www.ncbi.nlm.nih.gov/pmc/articles/PMC4052902/,117
https://www.ncbi.nlm.nih.gov/pmc/articles/PMC8539686/,117
https://www.ncbi.nlm.nih.gov/pmc/articles/PMC10800490/,114
https://www.ncbi.nlm.nih.gov/pmc/articles/PMC7756143/,115
https://www.ncbi.nlm.nih.gov/pmc/articles/PMC3066201/,114
https://www.ncbi.nlm.nih.gov/pmc/articles/PMC11324864/,112
https://www.ncbi.nlm.nih.gov/pmc/articles/PMC3665236/,105
https://www.ncbi.nlm.nih.gov/pmc/articles/PMC10470837/,103
https://www.ncbi.nlm.nih.gov/pmc/articles/PMC10386755/,103
https://www.ncbi.nlm.nih.gov/pmc/articles/PMC8896891/,105
https://www.ncbi.nlm.nih.gov/pmc/articles/PMC8430797/,114
https://www.ncbi.nlm.nih.gov/pmc/articles/PMC5460135/,112
https://www.ncbi.nlm.nih.gov/pmc/articles/PMC10774393/,114
https://www.ncbi.nlm.nih.gov/pmc/articles/PMC6126739/,117
https://www.ncbi.nlm.nih.gov/pmc/articles/PMC4411111/,117
https://www.ncbi.nlm.nih.gov/pmc/articles/PMC9445043/,117
https://www.ncbi.nlm.nih.gov/pmc/articles/PMC3509447/,114
https://www.ncbi.nlm.nih.gov/pmc/articles/PMC5600826/,104
https://www.ncbi.nlm.nih.gov/pmc/articles/PMC10831389/,104
https://www.ncbi.nlm.nih.gov/pmc/articles/PMC4507784/,116
https://www.ncbi.nlm.nih.gov/pmc/articles/PMC4349987/,117
https://www.ncbi.nlm.nih.gov/pmc/articles/PMC6638264/,106
https://www.ncbi.nlm.nih.gov/pmc/articles/PMC6130020/,116
https://www.ncbi.nlm.nih.gov/pmc/articles/PMC9695374/,115
https://www.ncbi.nlm.nih.gov/pmc/articles/PMC6141014/,109
https://www.ncbi.nlm.nih.gov/pmc/articles/PMC6706399/,104
https://www.ncbi.nlm.nih.gov/pmc/articles/PMC12034070/,104
https://www.ncbi.nlm.nih.gov/pmc/articles/PMC7235020/,111
https://www.ncbi.nlm.nih.gov/pmc/articles/PMC7599661/,115
https://www.ncbi.nlm.nih.gov/pmc/articles/PMC8493566/,104
https://www.ncbi.nlm.nih.gov/pmc/articles/PMC6069985/,105
https://www.ncbi.nlm.nih.gov/pmc/articles/PMC9856674/,112
https://www.ncbi.nlm.nih.gov/pmc/articles/PMC9410522/,105
https://www.ncbi.nlm.nih.gov/pmc/articles/PMC10344948/,113
https://www.ncbi.nlm.nih.gov/pmc/articles/PMC4750446/,109
https://www.ncbi.nlm.nih.gov/pmc/articles/PMC7162976/,109
https://www.ncbi.nlm.nih.gov/pmc/articles/PMC11353732/,112
https://www.ncbi.nlm.nih.gov/pmc/articles/PMC11953390/,105
https://www.ncbi.nlm.nih.gov/pmc/articles/PMC9737020/,106
https://www.ncbi.nlm.nih.gov/pmc/articles/PMC5515519/,115
https://www.ncbi.nlm.nih.gov/pmc/articles/PMC10144393/,103
https://www.ncbi.nlm.nih.gov/pmc/articles/PMC10719374/,113
https://www.ncbi.nlm.nih.gov/pmc/articles/PMC11096397/,101
https://www.ncbi.nlm.nih.gov/pmc/articles/PMC11166655/,114
https://www.ncbi.nlm.nih.gov/pmc/articles/PMC7937622/,103
https://www.ncbi.nlm.nih.gov/pmc/articles/PMC7055474/,105
https://www.ncbi.nlm.nih.gov/pmc/articles/PMC7118179/,105
https://www.ncbi.nlm.nih.gov/pmc/articles/PMC4494396/,105
https://www.ncbi.nlm.nih.gov/pmc/articles/PMC8323809/,106
https://www.ncbi.nlm.nih.gov/pmc/articles/PMC8886715/,106
https://www.ncbi.nlm.nih.gov/pmc/articles/PMC8890767/,105
https://www.ncbi.nlm.nih.gov/pmc/articles/PMC9487896/,106
https://www.ncbi.nlm.nih.gov/pmc/articles/PMC10142442/,106
https://www.ncbi.nlm.nih.gov/pmc/articles/PMC11477029/,106
https://www.ncbi.nlm.nih.gov/pmc/articles/PMC4309301/,105
https://www.ncbi.nlm.nih.gov/pmc/articles/PMC6343501/,111
https://www.ncbi.nlm.nih.gov/pmc/articles/PMC7138367/,114
https://www.ncbi.nlm.nih.gov/pmc/articles/PMC6689164/,114
https://www.ncbi.nlm.nih.gov/pmc/articles/PMC3564669/,109
https://www.ncbi.nlm.nih.gov/pmc/articles/PMC4042434/,109
https://www.ncbi.nlm.nih.gov/pmc/articles/PMC4161659/,108
https://www.ncbi.nlm.nih.gov/pmc/articles/PMC4917201/,110
https://www.ncbi.nlm.nih.gov/pmc/articles/PMC4985531/,108
https://www.ncbi.nlm.nih.gov/pmc/articles/PMC5421618/,109
https://www.ncbi.nlm.nih.gov/pmc/articles/PMC5515514/,109
https://www.ncbi.nlm.nih.gov/pmc/articles/PMC8671758/,108
https://www.ncbi.nlm.nih.gov/pmc/articles/PMC5771473/,108
https://www.ncbi.nlm.nih.gov/pmc/articles/PMC5288125/,108
https://www.ncbi.nlm.nih.gov/pmc/articles/PMC5389344/,109
https://www.ncbi.nlm.nih.gov/pmc/articles/PMC9784906/,111
https://www.ncbi.nlm.nih.gov/pmc/articles/PMC6548323/,109
https://www.ncbi.nlm.nih.gov/pmc/articles/PMC6597714/,108
https://www.ncbi.nlm.nih.gov/pmc/articles/PMC6865368/,109
https://www.ncbi.nlm.nih.gov/pmc/articles/PMC7907224/,110
https://www.ncbi.nlm.nih.gov/pmc/articles/PMC8213760/,114
https://www.ncbi.nlm.nih.gov/pmc/articles/PMC9582271/,108
https://www.ncbi.nlm.nih.gov/pmc/articles/PMC10063413/,109
https://www.ncbi.nlm.nih.gov/pmc/articles/PMC10889206/,109
https://www.ncbi.nlm.nih.gov/pmc/articles/PMC8468678/,101
https://www.ncbi.nlm.nih.gov/pmc/articles/PMC9031868/,112
https://www.ncbi.nlm.nih.gov/pmc/articles/PMC10030976/,103
https://www.ncbi.nlm.nih.gov/pmc/articles/PMC5910807/,105
https://www.ncbi.nlm.nih.gov/pmc/articles/PMC12021249/,105
https://www.ncbi.nlm.nih.gov/pmc/articles/PMC6057834/,104
https://www.ncbi.nlm.nih.gov/pmc/articles/PMC6876156/,104
https://www.ncbi.nlm.nih.gov/pmc/articles/PMC7415877/,113
https://www.ncbi.nlm.nih.gov/pmc/articles/PMC7285199/,105
https://www.ncbi.nlm.nih.gov/pmc/articles/PMC9549344/,104
https://www.ncbi.nlm.nih.gov/pmc/articles/PMC7530743/,105
https://www.ncbi.nlm.nih.gov/pmc/articles/PMC7890410/,114
https://www.ncbi.nlm.nih.gov/pmc/articles/PMC9640571/,105
https://www.ncbi.nlm.nih.gov/pmc/articles/PMC9862956/,105
https://www.ncbi.nlm.nih.gov/pmc/articles/PMC10410709/,105
https://www.ncbi.nlm.nih.gov/pmc/articles/PMC10751425/,105
https://www.ncbi.nlm.nih.gov/pmc/articles/PMC10605753/,114
https://www.ncbi.nlm.nih.gov/pmc/articles/PMC10846184/,105
https://www.ncbi.nlm.nih.gov/pmc/articles/PMC11302229/,105
https://www.ncbi.nlm.nih.gov/pmc/articles/PMC11487192/,104
https://www.ncbi.nlm.nih.gov/pmc/articles/PMC3554398/,105
https://www.ncbi.nlm.nih.gov/pmc/articles/PMC10370681/,105
https://www.ncbi.nlm.nih.gov/pmc/articles/PMC4624184/,101
https://www.ncbi.nlm.nih.gov/pmc/articles/PMC4945788/,100
https://www.ncbi.nlm.nih.gov/pmc/articles/PMC9116463/,101
https://www.ncbi.nlm.nih.gov/pmc/articles/PMC5201052/,102
https://www.ncbi.nlm.nih.gov/pmc/articles/PMC5391430/,102
https://www.ncbi.nlm.nih.gov/pmc/articles/PMC5504618/,101
https://www.ncbi.nlm.nih.gov/pmc/articles/PMC8421509/,101
https://www.ncbi.nlm.nih.gov/pmc/articles/PMC5552977/,100
https://www.ncbi.nlm.nih.gov/pmc/articles/PMC5805884/,102
https://www.ncbi.nlm.nih.gov/pmc/articles/PMC5864415/,105
https://www.ncbi.nlm.nih.gov/pmc/articles/PMC6013642/,102
https://www.ncbi.nlm.nih.gov/pmc/articles/PMC5578834/,102
https://www.ncbi.nlm.nih.gov/pmc/articles/PMC5958250/,102
https://www.ncbi.nlm.nih.gov/pmc/articles/PMC7326050/,101
https://www.ncbi.nlm.nih.gov/pmc/articles/PMC6251167/,100
https://www.ncbi.nlm.nih.gov/pmc/articles/PMC9098231/,100
https://www.ncbi.nlm.nih.gov/pmc/articles/PMC6426649/,101
https://www.ncbi.nlm.nih.gov/pmc/articles/PMC6452512/,101
https://www.ncbi.nlm.nih.gov/pmc/articles/PMC6529585/,103
https://www.ncbi.nlm.nih.gov/pmc/articles/PMC6952069/,105
https://www.ncbi.nlm.nih.gov/pmc/articles/PMC7303416/,102
https://www.ncbi.nlm.nih.gov/pmc/articles/PMC7317102/,102
https://www.ncbi.nlm.nih.gov/pmc/articles/PMC7393961/,102
https://www.ncbi.nlm.nih.gov/pmc/articles/PMC7484075/,102
https://www.ncbi.nlm.nih.gov/pmc/articles/PMC7516158/,102
https://www.ncbi.nlm.nih.gov/pmc/articles/PMC7561690/,100
https://www.ncbi.nlm.nih.gov/pmc/articles/PMC7595942/,102
https://www.ncbi.nlm.nih.gov/pmc/articles/PMC7677455/,101
https://www.ncbi.nlm.nih.gov/pmc/articles/PMC8005752/,100
https://www.ncbi.nlm.nih.gov/pmc/articles/PMC8104057/,102
https://www.ncbi.nlm.nih.gov/pmc/articles/PMC12034939/,105
https://www.ncbi.nlm.nih.gov/pmc/articles/PMC8012687/,112
https://www.ncbi.nlm.nih.gov/pmc/articles/PMC8086211/,102
https://www.ncbi.nlm.nih.gov/pmc/articles/PMC8211661/,101
https://www.ncbi.nlm.nih.gov/pmc/articles/PMC11988970/,115
https://www.ncbi.nlm.nih.gov/pmc/articles/PMC8754149/,100
https://www.ncbi.nlm.nih.gov/pmc/articles/PMC8875396/,100
https://www.ncbi.nlm.nih.gov/pmc/articles/PMC9258157/,101
https://www.ncbi.nlm.nih.gov/pmc/articles/PMC9503880/,101
https://www.ncbi.nlm.nih.gov/pmc/articles/PMC9743659/,101
https://www.ncbi.nlm.nih.gov/pmc/articles/PMC10715203/,101
https://www.ncbi.nlm.nih.gov/pmc/articles/PMC10628120/,100
https://www.ncbi.nlm.nih.gov/pmc/articles/PMC10960378/,101
https://www.ncbi.nlm.nih.gov/pmc/articles/PMC11451251/,101
https://www.ncbi.nlm.nih.gov/pmc/articles/PMC5523082/,105
https://www.ncbi.nlm.nih.gov/pmc/articles/PMC6590338/,105
https://www.ncbi.nlm.nih.gov/pmc/articles/PMC6036641/,109
https://www.ncbi.nlm.nih.gov/pmc/articles/PMC6599637/,111
https://www.ncbi.nlm.nih.gov/pmc/articles/PMC8274610/,112
https://www.ncbi.nlm.nih.gov/pmc/articles/PMC8131644/,115
https://www.ncbi.nlm.nih.gov/pmc/articles/PMC9163032/,115
https://www.ncbi.nlm.nih.gov/pmc/articles/PMC5568470/,106
https://www.ncbi.nlm.nih.gov/pmc/articles/PMC5485990/,112
https://www.ncbi.nlm.nih.gov/pmc/articles/PMC5460239/,112
https://www.ncbi.nlm.nih.gov/pmc/articles/PMC6275019/,112
https://www.ncbi.nlm.nih.gov/pmc/articles/PMC5397022/,117
https://www.ncbi.nlm.nih.gov/pmc/articles/PMC7251690/,117
https://www.ncbi.nlm.nih.gov/pmc/articles/PMC10284894/,103
https://www.ncbi.nlm.nih.gov/pmc/articles/PMC9964234/,112
https://www.ncbi.nlm.nih.gov/pmc/articles/PMC10793275/,102
https://www.ncbi.nlm.nih.gov/pmc/articles/PMC4116675/,105
https://www.ncbi.nlm.nih.gov/pmc/articles/PMC5810432/,106
https://www.ncbi.nlm.nih.gov/pmc/articles/PMC10261121/,103
https://www.ncbi.nlm.nih.gov/pmc/articles/PMC8739323/,103
https://www.ncbi.nlm.nih.gov/pmc/articles/PMC9502502/,105
https://www.ncbi.nlm.nih.gov/pmc/articles/PMC10432549/,114
https://www.ncbi.nlm.nih.gov/pmc/articles/PMC7261848/,100
https://www.ncbi.nlm.nih.gov/pmc/articles/PMC8537831/,101
https://www.ncbi.nlm.nih.gov/pmc/articles/PMC8879990/,112
https://www.ncbi.nlm.nih.gov/pmc/articles/PMC11999716/,101
https://www.ncbi.nlm.nih.gov/pmc/articles/PMC11969330/,105
https://www.ncbi.nlm.nih.gov/pmc/articles/PMC11940681/,109
https://www.ncbi.nlm.nih.gov/pmc/articles/PMC11941215/,115
https://www.ncbi.nlm.nih.gov/pmc/articles/PMC11892206/,115
https://www.ncbi.nlm.nih.gov/pmc/articles/PMC11748630/,113
https://www.ncbi.nlm.nih.gov/pmc/articles/PMC11659408/,104
https://www.ncbi.nlm.nih.gov/pmc/articles/PMC11701653/,113
https://www.ncbi.nlm.nih.gov/pmc/articles/PMC11593819/,115
https://www.ncbi.nlm.nih.gov/pmc/articles/PMC11339457/,105
https://pmc.ncbi.nlm.nih.gov/articles/PMC6915713/,112
https://www.ncbi.nlm.nih.gov/pmc/articles/PMC6048781/,116
https://pmc.ncbi.nlm.nih.gov/articles/PMC4702960/,105
https://www.ncbi.nlm.nih.gov/pmc/articles/PMC4896697/,105
https://pmc.ncbi.nlm.nih.gov/articles/PMC11831363/,105
https://www.ncbi.nlm.nih.gov/pmc/articles/PMC4150462/,117
https://pmc.ncbi.nlm.nih.gov/articles/PMC4117989/,117
https://www.ncbi.nlm.nih.gov/pmc/articles/PMC11167097/,113
https://pmc.ncbi.nlm.nih.gov/articles/PMC9224676/,105
https://pmc.ncbi.nlm.nih.gov/articles/PMC8573954/,105
https://www.ncbi.nlm.nih.gov/pmc/articles/PMC4411250/,117
https://www.ncbi.nlm.nih.gov/pmc/articles/PMC6188462/,113
https://pmc.ncbi.nlm.nih.gov/articles/PMC11455966/,112
https://pmc.ncbi.nlm.nih.gov/articles/PMC3777930/,115
https://pmc.ncbi.nlm.nih.gov/articles/PMC10881285/,104
https://pmc.ncbi.nlm.nih.gov/articles/PMC5514531/,101
https://pmc.ncbi.nlm.nih.gov/articles/PMC6234677/,101
https://www.ncbi.nlm.nih.gov/pmc/articles/PMC10472590/,103
